genre,playlist_id,playlist_name,track_id,track_name,artist_names,danceability,energy,key,loudness,mode,speechiness,acousticness,instrumentalness,liveness,valence,tempo
Psychedelic,5CgcYeAMe3yfpzGWzVXKCm,Psytrance Guide: Psychedelic,3N1ah0beEy0AAQfbiIv7Rv,Daws Of Perception - Imagine Mars & Volcano Remix,"Tristan, Aardvarkk",0.557,0.982,6,-5.231,1,0.0632,2.72e-5,0.727,0.21,0.159,143.995
Psychedelic,5CgcYeAMe3yfpzGWzVXKCm,Psytrance Guide: Psychedelic,7dKXyAl2bmt12mI8WQvDJ3,Tuned In Perfectly,Mad Tribe,0.572,0.942,9,-6.113,1,0.0397,7.45e-5,0.777,0.602,0.398,145.01
Psychedelic,5CgcYeAMe3yfpzGWzVXKCm,Psytrance Guide: Psychedelic,3kcOs4RePw7Q1tiaTofa9a,Experimental Virus - Original Mix,"Djantrix, Spirit Architect",0.606,0.996,0,-6.245,1,0.0675,3.52e-5,0.77,0.341,0.233,144.993
Psychedelic,5CgcYeAMe3yfpzGWzVXKCm,Psytrance Guide: Psychedelic,2DMIj0rYr78mc6RrYNCfKf,Hippie Shaker,"Dust, Lunática",0.566,0.911,8,-6.863,0,0.0553,4.89e-4,0.899,0.217,0.0637,144.991
Psychedelic,5CgcYeAMe3yfpzGWzVXKCm,Psytrance Guide: Psychedelic,1URGHhfEBnmzcVvjB5uLJV,"Mind, Body & Soul - Original",Various Artists,0.582,0.963,6,-6.309,0,0.0489,2.17e-5,0.781,0.336,0.065,144.993
Psychedelic,5CgcYeAMe3yfpzGWzVXKCm,Psytrance Guide: Psychedelic,3AqfOtMO7PhSePMWgYehxA,Paradise on Earth,Photosynthesis,0.513,0.973,0,-4.944,1,0.0513,8.83e-5,0.538,0.105,0.117,143.999
Psychedelic,5CgcYeAMe3yfpzGWzVXKCm,Psytrance Guide: Psychedelic,30Qqh80GawaXVYqEhtfhwv,Music Is The Heart,"Mandala (UK), Hypnocoustics",0.549,0.953,10,-5.311,0,0.0419,2.67e-5,0.714,0.413,0.241,144.001
Psychedelic,5CgcYeAMe3yfpzGWzVXKCm,Psytrance Guide: Psychedelic,7g1xBazMPCsAahtLCFHhEL,Illusion - Original Mix,Cambium,0.558,0.965,6,-5.356,0,0.045,3.16e-5,0.79,0.182,0.0919,143.014
Psychedelic,5CgcYeAMe3yfpzGWzVXKCm,Psytrance Guide: Psychedelic,3y41F6NKwOcMxcw44uNgfx,Cosmic Doorway,"Imaginarium, Shivatree",0.666,0.95,6,-5.921,0,0.0526,3.2e-5,0.643,0.537,0.151,144.041
Psychedelic,5CgcYeAMe3yfpzGWzVXKCm,Psytrance Guide: Psychedelic,4tH3JUU5PC7FCvS87w1gDj,Abduction - Original Mix,"Lyktum, Zarma",0.502,0.989,1,-5.058,1,0.0489,9.97e-5,0.856,0.121,0.175,145.999
Psychedelic,5CgcYeAMe3yfpzGWzVXKCm,Psytrance Guide: Psychedelic,5JiuV5MtFrt0wkpCTNYllE,Edge of Sanity,Ace Ventura,0.611,0.894,8,-5.458,1,0.0481,8.63e-5,0.805,0.106,0.155,143.995
Psychedelic,5CgcYeAMe3yfpzGWzVXKCm,Psytrance Guide: Psychedelic,4VI3zhR6b4XFS2ZMsmohfX,There Are No UFOs,Manmachine,0.603,0.994,9,-5.022,1,0.0668,9.82e-5,0.704,0.2,0.632,144.99
Psychedelic,5CgcYeAMe3yfpzGWzVXKCm,Psytrance Guide: Psychedelic,7CRMavjrfUFzj4ijaMQMDN,Bansuri,Electric Universe,0.512,0.963,8,-4.078,1,0.0509,8.14e-5,0.815,0.22,0.153,144.994
Psychedelic,5CgcYeAMe3yfpzGWzVXKCm,Psytrance Guide: Psychedelic,2gTS5AbP0FrGEflGANQSqG,Laugh Frequency - Original Mix,"Shibass, Ambassador",0.615,0.852,0,-6.795,1,0.0538,0.00131,0.75,0.738,0.374,144.997
Psychedelic,5CgcYeAMe3yfpzGWzVXKCm,Psytrance Guide: Psychedelic,3DV3SF6JdwI2GXEkTmtiTo,Computer Memory,"Helber Gun, Ital",0.653,0.964,8,-5.781,1,0.0694,4.85e-5,0.646,0.105,0.216,143.989
Psychedelic,5CgcYeAMe3yfpzGWzVXKCm,Psytrance Guide: Psychedelic,5GXZQ6WArBvlKpwulhLUrE,A Better One,"Spinal Fusion, Mystic",0.591,0.954,1,-7.123,1,0.0512,7.33e-4,0.879,0.542,0.317,142.003
Psychedelic,5CgcYeAMe3yfpzGWzVXKCm,Psytrance Guide: Psychedelic,78QkXDc7biUyPR4PfDC9Wu,Space Candy,San Pedro,0.652,0.991,1,-4.621,1,0.0431,4.09e-5,0.811,0.105,0.148,144.975
Psychedelic,5CgcYeAMe3yfpzGWzVXKCm,Psytrance Guide: Psychedelic,6Ar0rGLm2Re0vnju5aN18A,Galactica Wars,Various Artists,0.46,0.962,7,-4.939,1,0.0427,6.35e-6,0.849,0.556,0.198,143.986
Psychedelic,5CgcYeAMe3yfpzGWzVXKCm,Psytrance Guide: Psychedelic,7cPLyAUWC9sbjwUG2IL1An,Delirium Sky,Shivatree,0.614,0.935,6,-5.141,1,0.0449,1.29e-4,0.791,0.513,0.181,146
Psychedelic,5CgcYeAMe3yfpzGWzVXKCm,Psytrance Guide: Psychedelic,49424i5Jhxfd2NYMcDqeqQ,Freaking Out,Earthspace,0.608,0.94,8,-7.715,0,0.0406,2.18e-4,0.732,0.471,0.356,146.996
Psychedelic,5CgcYeAMe3yfpzGWzVXKCm,Psytrance Guide: Psychedelic,3bbFHi56CHl9iA50HFjZhG,The Last Question - Original Mix,Koi Boi,0.561,0.996,0,-5.47,1,0.0622,8.68e-5,0.821,0.292,0.033,142.999
Psychedelic,5CgcYeAMe3yfpzGWzVXKCm,Psytrance Guide: Psychedelic,0soZ90rQjdyYA4Tbwyp8vo,Psytrance Family,Tristan,0.607,0.995,7,-5.002,1,0.04,4.98e-5,0.682,0.141,0.272,145.01
Psytrance,6NlFOL54YuquhVyGnJFTWE,Psytrance Guide: Psy-Trance,3Oc9RVCngAa64iO3rOaJuQ,Technological Singularity - Original Mix,Daniel Lesden,0.609,0.978,10,-4.787,1,0.0524,1.06e-4,0.79,0.194,0.157,137.972
Psytrance,6NlFOL54YuquhVyGnJFTWE,Psytrance Guide: Psy-Trance,7u4jxqiqlXTGKlwbnUIODB,Moonshine,Various Artists,0.577,0.921,7,-7.809,1,0.045,0.00219,0.817,0.161,0.179,140.018
Psytrance,6NlFOL54YuquhVyGnJFTWE,Psytrance Guide: Psy-Trance,4ABIP93LvvgkJtCQoyvDQi,Metaphysical Energy,Nertum,0.542,0.926,0,-6.941,1,0.046,6.31e-4,0.852,0.114,0.171,138.015
Psytrance,6NlFOL54YuquhVyGnJFTWE,Psytrance Guide: Psy-Trance,6ad2d37njm37vtLiU9FsBs,Who We Are,"Sonic Species, Outsiders",0.645,0.934,4,-6.988,1,0.0463,5.17e-4,0.759,0.223,0.175,140.987
Psytrance,6NlFOL54YuquhVyGnJFTWE,Psytrance Guide: Psy-Trance,0kcJd5ubwmpYxT5d94IYA7,Time Machine - Original Mix,Vertical Mode,0.638,0.862,7,-7.045,1,0.064,5.42e-4,0.844,0.0924,0.285,140.006
Psytrance,6NlFOL54YuquhVyGnJFTWE,Psytrance Guide: Psy-Trance,7wMpTdHUXYNSemUbLTOBrT,Confront Reality - Original,"Daniel Lesden, Mechanimal",0.585,0.965,1,-6.903,1,0.0376,2.69e-4,0.839,0.386,0.214,141.99
Psytrance,6NlFOL54YuquhVyGnJFTWE,Psytrance Guide: Psy-Trance,5KP8qc0kLIXrMgrM7wlDwf,Mission Simulator - Original,Starlab (IN),0.58,0.911,6,-6.26,0,0.0524,4.99e-4,0.851,0.148,0.269,142.02
Psytrance,6NlFOL54YuquhVyGnJFTWE,Psytrance Guide: Psy-Trance,20ugSYmNrl0DRotJsF6BWg,Smashing The Veil,Sonic Species,0.56,0.959,10,-5.425,0,0.0579,4.32e-5,0.904,0.0855,0.447,141.995
Psytrance,6NlFOL54YuquhVyGnJFTWE,Psytrance Guide: Psy-Trance,0lR8kGXzV8TjL2RiNNF1hc,Ornament,Various Artists,0.641,0.939,11,-7.086,0,0.0913,0.0018600000000000001,0.834,0.101,0.225,140.003
Psytrance,6NlFOL54YuquhVyGnJFTWE,Psytrance Guide: Psy-Trance,4TzMM1fLGGhu3jgUWJVZm8,Metanoia,Sabretooth,0.63,0.989,0,-6.188,1,0.0559,1.4e-4,0.834,0.669,0.0719,140.002
Psytrance,6NlFOL54YuquhVyGnJFTWE,Psytrance Guide: Psy-Trance,6NoLbFqMTTaPaxnfq0JrOZ,Enter The Void,"Pablo Anon, Liam Wilson",0.657,0.966,8,-5.915,1,0.0546,1.52e-4,0.733,0.0787,0.547,137.977
Psytrance,6NlFOL54YuquhVyGnJFTWE,Psytrance Guide: Psy-Trance,6HUQD5yVaetouBNZ3yfr8B,Beat of the Drum - Original Mix,Audiofire (UK),0.658,0.89,6,-5.592,0,0.0543,1.49e-4,0.872,0.37,0.0668,140.001
Psytrance,6NlFOL54YuquhVyGnJFTWE,Psytrance Guide: Psy-Trance,7D05KbTSv2LbUkxnlFJehF,Beyond Our Atmosphere,"Ace Ventura, Lifeforms",0.669,0.953,7,-6.902,1,0.0473,0.00155,0.872,0.148,0.241,137.996
Psytrance,6NlFOL54YuquhVyGnJFTWE,Psytrance Guide: Psy-Trance,3BspgvZQRZ8dauQVcd8xnQ,Digital Fortress,Sideform,0.694,0.882,0,-6.85,1,0.0494,8.56e-4,0.741,0.376,0.0935,137.964
Psytrance,6NlFOL54YuquhVyGnJFTWE,Psytrance Guide: Psy-Trance,37IINtRUACAg7nSaQTQu0a,Psychological Biological,SpaceNoiZe,0.631,0.963,7,-5.548,1,0.048,0.00112,0.805,0.136,0.188,141.007
Psytrance,6NlFOL54YuquhVyGnJFTWE,Psytrance Guide: Psy-Trance,2IfJxXkl1omO7FexrUMPtH,Touring Test,"Audiotec, Spacecat",0.624,0.858,11,-8.344,0,0.0415,5.46e-4,0.696,0.134,0.0381,142.025
Psytrance,6NlFOL54YuquhVyGnJFTWE,Psytrance Guide: Psy-Trance,04m7WTXUpuhhRyarSH9Wjr,Abnormal,Various Artists,0.659,0.935,6,-5.786,0,0.0701,2.24e-4,0.811,0.11,0.0573,140.017
Psytrance,6NlFOL54YuquhVyGnJFTWE,Psytrance Guide: Psy-Trance,58Q4dWXwFkXhcxXhsZANY3,Extraterrestrial Beings,Waveform,0.621,0.884,10,-6.145,0,0.0512,6.77e-4,0.835,0.716,0.198,138.009
Psytrance,6NlFOL54YuquhVyGnJFTWE,Psytrance Guide: Psy-Trance,0WKmeQuSogRQaUJwTVlTO6,Essence of Life - Original Mix,Impact,0.661,0.962,7,-5.189,1,0.0496,3.39e-4,0.772,0.293,0.119,137.01
Psytrance,6NlFOL54YuquhVyGnJFTWE,Psytrance Guide: Psy-Trance,1cLbOOHYiLbW1TSkk8wnej,We Are One,Ranji,0.66,0.895,7,-5.768,1,0.103,0.00411,0.896,0.685,0.0938,140.018
Psytrance,6NlFOL54YuquhVyGnJFTWE,Psytrance Guide: Psy-Trance,2Zk15vFpWfgdvwdFE2kM4m,Mahadeva - Lyctum Remix,John 00 Fleming,0.54,0.963,0,-5.853,1,0.0355,6.02e-4,0.932,0.178,0.106,136.019
Psytrance,6NlFOL54YuquhVyGnJFTWE,Psytrance Guide: Psy-Trance,6AFNuETXFHZcSYJgltG76g,Fearless Mind,Lyktum,0.575,0.819,7,-8.294,1,0.0313,6.43e-4,0.737,0.231,0.158,136.017
Progressive Psy,0ZVlYhZpCUkjZZ04pdKx8O,Psytrance Guide: Progressive Psy,0lkeWQGfDJRHe0FWW7g9Yn,Morning Breeze,Vibrasphere,0.756,0.973,11,-9.791,0,0.0463,0.00153,0.858,0.178,0.105,138.01
Progressive Psy,0ZVlYhZpCUkjZZ04pdKx8O,Psytrance Guide: Progressive Psy,45cA53ITSJjDuvRk0CFyMg,Floating Point - Morning Mix,Liquid Soul,0.747,0.787,0,-7.379,1,0.0732,9.37e-5,0.891,0.775,0.151,134.98
Progressive Psy,0ZVlYhZpCUkjZZ04pdKx8O,Psytrance Guide: Progressive Psy,06gt4CW90ekes4X36hGP7a,24 Hours,Mindwave,0.651,0.887,1,-7.984,0,0.0362,7.02e-5,0.744,0.0567,0.0777,135.002
Progressive Psy,0ZVlYhZpCUkjZZ04pdKx8O,Psytrance Guide: Progressive Psy,5H0qHxv8gIcMfpyDNis7iU,Shores of The Subconscious,"Zen Mechanics, Egorythmia",0.633,0.826,9,-6.607,0,0.0417,0.00114,0.822,0.631,0.116,138.014
Progressive Psy,0ZVlYhZpCUkjZZ04pdKx8O,Psytrance Guide: Progressive Psy,02ph2MvAnSXvhal37FNRk6,W - Klipsun Remix,Perfect Stranger,0.651,0.875,1,-8.505,1,0.0464,0.032,0.798,0.0769,0.305,131.004
Progressive Psy,0ZVlYhZpCUkjZZ04pdKx8O,Psytrance Guide: Progressive Psy,0jGrYOnWdRX8Gkc1Iar2w4,Press Hold,E-Clip,0.723,0.86,7,-8.3,1,0.0436,0.0113,0.833,0.59,0.162,135.005
Progressive Psy,0ZVlYhZpCUkjZZ04pdKx8O,Psytrance Guide: Progressive Psy,3m0La3nZ3nyaW6xwZDdAJW,Dark Flow,Arhetip,0.573,0.986,1,-6.426,0,0.0557,7.1e-4,0.741,0.18,0.11,140.005
Progressive Psy,0ZVlYhZpCUkjZZ04pdKx8O,Psytrance Guide: Progressive Psy,7AXmJUhrGnRyIU8VHmwauP,Lone Ranger - Album Mix,Human Blue,0.624,0.881,5,-7.948,0,0.0353,0.00312,0.832,0.206,0.122,139.997
Progressive Psy,0ZVlYhZpCUkjZZ04pdKx8O,Psytrance Guide: Progressive Psy,5Eb3APUOdnuMi2oMuwRoHy,Ether - Album Edit,Ticon,0.628,0.897,7,-6.878,1,0.0452,1.25e-4,0.844,0.0724,0.131,136.987
Progressive Psy,0ZVlYhZpCUkjZZ04pdKx8O,Psytrance Guide: Progressive Psy,0lrxK4MPRKZxkO7tvgnIzt,Mint Beyond Surrender,Various Artists,0.776,0.895,11,-6.783,0,0.0449,2.65e-4,0.807,0.709,0.208,131.998
Progressive Psy,0ZVlYhZpCUkjZZ04pdKx8O,Psytrance Guide: Progressive Psy,5jJ5Fp929ipaTR2Jr4DJCb,Night Sight - Flegma & Nerso Remix,Egorythmia,0.565,0.876,11,-7.779,0,0.0367,0.00228,0.732,0.583,0.172,135.021
Progressive Psy,0ZVlYhZpCUkjZZ04pdKx8O,Psytrance Guide: Progressive Psy,2lHM6LFJ8xuVuAXDvTdr4p,Valley of Peace,Liquid Soul,0.783,0.975,11,-8.512,0,0.0724,3.06e-4,0.905,0.0867,0.0411,134.986
Progressive Psy,0ZVlYhZpCUkjZZ04pdKx8O,Psytrance Guide: Progressive Psy,6WWiPRXWdVzBySeD9VGNFX,Light Pillar (Yutro) - Original Mix,Orison,0.763,0.724,7,-6.676,1,0.0385,0.0131,0.923,0.133,0.108,135.002
Progressive Psy,0ZVlYhZpCUkjZZ04pdKx8O,Psytrance Guide: Progressive Psy,35wWlc83yFFARIlyDbz3nv,Presentation - Flowjob Remix,Flowjob,0.612,0.878,3,-7.103,0,0.0355,2.94e-4,0.887,0.13,0.119,136.024
Progressive Psy,0ZVlYhZpCUkjZZ04pdKx8O,Psytrance Guide: Progressive Psy,4B4pz2YzLQOoBvuB5XPGXb,Numbers Do Not Lie,Sonic Entity,0.684,0.926,11,-8.851,0,0.0604,0.00719,0.784,0.478,0.0483,136.015
Progressive Psy,0ZVlYhZpCUkjZZ04pdKx8O,Psytrance Guide: Progressive Psy,5G8WSmhXb4vyaAu4YZtub7,Basic,Tesseract,0.785,0.842,6,-7.587,0,0.115,0.0014,0.881,0.106,0.255,134.988
Progressive Psy,0ZVlYhZpCUkjZZ04pdKx8O,Psytrance Guide: Progressive Psy,0rEcbDVMrlRLFKJonFul8l,Newport,Vibrasphere,0.753,0.776,6,-12.851,0,0.0483,0.00261,0.845,0.343,0.0395,136.99
Progressive Psy,0ZVlYhZpCUkjZZ04pdKx8O,Psytrance Guide: Progressive Psy,3O95dPZARfyx7EQuzmEnAB,The Land Beyond the Grave,MindFlex,0.595,0.91,0,-8.311,1,0.0449,0.00643,0.861,0.487,0.42,136.029
Minimal Psy,14qV08HoVAe1QR1xTn1zIl,Psytrance Guide: Minimal Psy,03koLfPX3zxkFkCnQAtR09,What Do You Think,Krumelur,0.795,0.302,1,-17.581,1,0.0742,0.00469,0.896,0.0922,0.122,138.028
Minimal Psy,14qV08HoVAe1QR1xTn1zIl,Psytrance Guide: Minimal Psy,570THqkyYi8WumtrWkOvs7,2 of Us,Funky Dragon,0.734,0.914,7,-10.469,1,0.0499,0.0321,0.889,0.636,0.521,137.996
Minimal Psy,14qV08HoVAe1QR1xTn1zIl,Psytrance Guide: Minimal Psy,3Ky1Z8413GvFSMT7h5tlxs,Galaxians,Sensient,0.658,0.698,6,-11.818,0,0.0358,0.0036,0.873,0.109,0.117,136.996
Minimal Psy,14qV08HoVAe1QR1xTn1zIl,Psytrance Guide: Minimal Psy,1tBELDrWSMHg1FLxxeleNZ,Blown to Smithereens,Beat Bizarre,0.719,0.759,10,-10.08,0,0.0375,0.0683,0.926,0.318,0.303,131.996
Minimal Psy,14qV08HoVAe1QR1xTn1zIl,Psytrance Guide: Minimal Psy,2tIv5ZWWXfB6jboqn6oEqm,In The Now,Subliminal Codes,0.73,0.852,10,-7.694,0,0.0507,2.34e-4,0.852,0.0853,0.28,132.995
Minimal Psy,14qV08HoVAe1QR1xTn1zIl,Psytrance Guide: Minimal Psy,4WaRg3weSNTkDIUisK8UYY,Clear Vision 07 - Original Mix,Perfect Stranger,0.872,0.52,5,-10.446,0,0.226,0.0411,0.798,0.0957,0.146,128.005
Minimal Psy,14qV08HoVAe1QR1xTn1zIl,Psytrance Guide: Minimal Psy,2hYWtI1YxjUiODlRFGoW0h,Synesthesia,Son Kite,0.622,0.43,8,-17.84,0,0.0462,0.115,0.877,0.117,0.234,133.998
Minimal Psy,14qV08HoVAe1QR1xTn1zIl,Psytrance Guide: Minimal Psy,6cyMWOfD05az9lNBNlRGNA,The Ever Present Silent Observer,Captain Hook,0.763,0.724,7,-8.093,1,0.0622,0.00214,0.773,0.623,0.325,139.997
Minimal Psy,14qV08HoVAe1QR1xTn1zIl,Psytrance Guide: Minimal Psy,25lNdOQ8LTLEItZUjGghJj,Extraterrestrial Turkey,Minimal Criminal,0.697,0.731,4,-10.548,0,0.0622,1.26e-4,0.659,0.269,0.0844,135.997
Minimal Psy,14qV08HoVAe1QR1xTn1zIl,Psytrance Guide: Minimal Psy,2sQMg7ZsCfcDH7JXPejwt9,A Slippery Lynx (Feat. Shadow Fx),Tetrameth,0.739,0.669,1,-9.548,1,0.053,0.0383,0.748,0.906,0.32,135.014
Tribal,4aJ4xMUFLTUNZuNa8UH3XH,Psytrance Guide: Tribal,6Ijk8wDWDiiDckHtE4e5bs,Conga Fury - Ace Ventura Remix,Juno Reactor,0.332,0.893,9,-8.063,0,0.0376,0.00474,0.865,0.233,0.0604,139.992
Tribal,4aJ4xMUFLTUNZuNa8UH3XH,Psytrance Guide: Tribal,2TbuWsXmHNCBoOMx2jsQak,King of Elephants,Space Hypnose,0.358,0.989,11,-4.603,0,0.115,8.26e-4,0.804,0.0949,0.262,102.027
Tribal,4aJ4xMUFLTUNZuNa8UH3XH,Psytrance Guide: Tribal,3nwUX7DkMuGPcuHrOXN5VM,The Tribe,Vini Vici,0.675,0.954,6,-6.423,0,0.127,0.00603,0.464,0.115,0.204,138.017
Tribal,4aJ4xMUFLTUNZuNa8UH3XH,Psytrance Guide: Tribal,2giKoNlp23CW4sSd54iQbr,Troya - Original Mix,"Omiki, Planet 6",0.384,0.933,10,-7.605,0,0.0531,0.0139,0.857,0.1,0.579,107.235
Tribal,4aJ4xMUFLTUNZuNa8UH3XH,Psytrance Guide: Tribal,7glUdHk3PMaHvuXg5OV337,Bayaka,Various Artists,0.689,0.867,11,-7.35,0,0.0814,0.00765,0.348,0.338,0.369,138.023
Tribal,4aJ4xMUFLTUNZuNa8UH3XH,Psytrance Guide: Tribal,2BmwXAUDtEzKw4RGtHJu5B,Tandava - Blazy & Gottinari Remix,Shanti People,0.635,0.886,4,-5.007,0,0.156,0.104,0.00762,0.0824,0.134,140.015
Tribal,4aJ4xMUFLTUNZuNa8UH3XH,Psytrance Guide: Tribal,6DndWEGHSYfH5LA5JO1Mcg,The Benjamin Tribe,Pura Vida,0.625,0.812,6,-5.044,0,0.0545,0.0155,0.691,0.0624,0.0367,137.992
Tribal,4aJ4xMUFLTUNZuNa8UH3XH,Psytrance Guide: Tribal,0Eqpvs4y921O9ArFHZwwWK,Zulu Magic - Original Mix,"Indecent Noise, Christopher Lawrence",0.637,0.906,11,-6.944,0,0.0449,0.00362,0.847,0.268,0.0671,137.981
Tribal,4aJ4xMUFLTUNZuNa8UH3XH,Psytrance Guide: Tribal,0uWMkkJ2ki20wTlUMlH1Sc,Shanti Pakshee - Original Mix,"Major7, Planet 6",0.429,0.802,9,-5.708,1,0.0677,0.00213,0.845,0.848,0.0337,103.527
Tribal,4aJ4xMUFLTUNZuNa8UH3XH,Psytrance Guide: Tribal,0BXPoHm9j9v9n1iRcJNKi1,Disco Madness,Pop Art,0.647,0.811,9,-5.782,1,0.0739,0.00666,0.736,0.0958,0.451,138.01
Tribal,4aJ4xMUFLTUNZuNa8UH3XH,Psytrance Guide: Tribal,6YvimVOrGFJ7NRt0sjz7LU,Tama,Various Artists,0.736,0.902,11,-6.66,0,0.0723,0.00216,0.882,0.129,0.0633,140.041
Offbeat,6CtQyNaVNWDkjPmoo7VeEp,Psytrance Guide: Offbeat,6OrldEyIOvYW7gH0W1Aerr,Emotionally Unplugged,"Dj Fabio, Moon, Fabio Fusco, Moon",0.774,0.799,7,-6.632,1,0.185,0.00252,0.56,0.595,0.389,138.005
Offbeat,6CtQyNaVNWDkjPmoo7VeEp,Psytrance Guide: Offbeat,4nEPk9SASSr8OrdqA4e9qu,Axon & John,Vaishiyas,0.785,0.779,4,-7.754,1,0.0478,6.94e-5,0.455,0.231,0.838,135.986
Offbeat,6CtQyNaVNWDkjPmoo7VeEp,Psytrance Guide: Offbeat,3DV5299lolHRpTOZOseJtn,Temptation - Original Mix,Various Artists,0.803,0.536,2,-8.656,1,0.0974,0.00444,0.707,0.702,0.279,138
Offbeat,6CtQyNaVNWDkjPmoo7VeEp,Psytrance Guide: Offbeat,4HyKywl38EGoSQ2fL4ztAe,Hit And Run - Ticon Remix,Symphonix,0.665,0.645,5,-6.954,0,0.0376,0.0634,0.772,0.277,0.0569,135.008
Offbeat,6CtQyNaVNWDkjPmoo7VeEp,Psytrance Guide: Offbeat,1CV9xYXUGjhrznWex4oTC6,Play with Fire,Audiomatic,0.817,0.782,9,-6.095,1,0.0743,0.00662,0.26,0.0934,0.125,138.022
Offbeat,6CtQyNaVNWDkjPmoo7VeEp,Psytrance Guide: Offbeat,7zaskKimjcAg4RYCBjSnXH,Seven Days,Klopfgeister,0.818,0.748,1,-7.34,1,0.0523,0.00292,0.615,0.329,0.0374,135.001
Offbeat,6CtQyNaVNWDkjPmoo7VeEp,Psytrance Guide: Offbeat,75OwZ8sGEmUtd7H0zQ1SLk,Upgrade,Klopfgeister,0.865,0.699,1,-6.007,1,0.0534,0.00181,0.627,0.29,0.0376,138.038
Offbeat,6CtQyNaVNWDkjPmoo7VeEp,Psytrance Guide: Offbeat,4kHAdiSNZO6kfd9t0OaKQv,The Collective,"Phaxe, Morten Granau, Phaxe, Morten Granau",0.84,0.723,7,-6.019,1,0.048,0.00799,0.79,0.129,0.198,136.991
Offbeat,6CtQyNaVNWDkjPmoo7VeEp,Psytrance Guide: Offbeat,70bF9e3ysgCyRr1ZgzuMJg,Adaption - Interactive Noise Remix,Interactive Noise,0.777,0.785,10,-5.546,0,0.0709,0.0128,0.839,0.682,0.37,138.01
Offbeat,6CtQyNaVNWDkjPmoo7VeEp,Psytrance Guide: Offbeat,5ZDuw9xemJxfr6iQVb8O2F,Real High,Unseen Dimensions,0.853,0.717,2,-7.757,1,0.0594,0.0299,0.722,0.246,0.303,138.036
Psytechno,4ylkw2N6XUvlBVqaQU8adV,Psytrance Guide: Psytechno,7xBcUxi678WEPia5l2Q44r,Existence - MVMB Remix,Hedustma,0.777,0.501,7,-11.039,1,0.061,8.12e-4,0.881,0.111,0.0265,133.988
Psytechno,4ylkw2N6XUvlBVqaQU8adV,Psytrance Guide: Psytechno,5wKYPN89wFUXkC7GNN8LeH,Scoop,Allaby,0.705,0.835,8,-6.19,1,0.0473,0.00278,0.856,0.168,0.086,136.997
Psytechno,4ylkw2N6XUvlBVqaQU8adV,Psytrance Guide: Psytechno,0UOqufUnqr6pqPjgViaPQN,Never Say Never Again - Reakson Remix,Reaky,0.794,0.963,1,-7.533,0,0.0796,0.0236,0.849,0.38,0.0311,128.012
Psytechno,4ylkw2N6XUvlBVqaQU8adV,Psytrance Guide: Psytechno,105q6kO4cFs7SV7MTIey2I,Yunzjah,"Eeemus, Yuli Fershtat",0.63,0.8,0,-10.705,1,0.049,1.57e-4,0.766,0.38,0.0283,130.014
Psytechno,4ylkw2N6XUvlBVqaQU8adV,Psytrance Guide: Psytechno,32FW2BcuMgsEoI9QIhEhHh,Tik Tok - Pt. 2,John 00 Fleming,0.577,0.972,11,-9.429,0,0.0564,6.91e-4,0.825,0.561,0.219,134.004
Psytechno,4ylkw2N6XUvlBVqaQU8adV,Psytrance Guide: Psytechno,1UWyjsLfSsU2XWw4Y1rZS4,Taken - Original Mix,Ectima,0.627,0.855,9,-7.961,0,0.0459,0.00272,0.832,0.418,0.136,134.981
Psytechno,4ylkw2N6XUvlBVqaQU8adV,Psytrance Guide: Psytechno,2Lf0Z9Nxe5pbO3BjSUxRb4,Surreal - Pt. 2,Daniel Lesden,0.581,0.779,11,-8.548,0,0.0386,2.18e-4,0.877,0.126,0.344,135.002
Psytechno,4ylkw2N6XUvlBVqaQU8adV,Psytrance Guide: Psytechno,5swIFOqcdeTXMqsk2GenDT,Acid Box,Cybered,0.573,0.82,0,-7.604,1,0.0386,3.46e-4,0.886,0.5,0.0326,132.003
Psytechno,4ylkw2N6XUvlBVqaQU8adV,Psytrance Guide: Psytechno,2g7T91eiujL3Byn1qzFIDF,Recycled,Freedom Fighters,0.638,0.536,2,-12.459,1,0.047,0.287,0.788,0.13,0.102,134.027
Psytechno,4ylkw2N6XUvlBVqaQU8adV,Psytrance Guide: Psytechno,10fown0J7uQbzUMzAvnYbB,10 000 Watts,Midimiliz,0.703,0.89,10,-9.397,0,0.0678,0.0148,0.931,0.128,0.109,136
Psytechno,4ylkw2N6XUvlBVqaQU8adV,Psytrance Guide: Psytechno,5tmfLU6P6HW6a2RZafc7M6,Intercorporal Stimulator,X-Dream,0.532,0.92,6,-8.979,1,0.0488,7.46e-5,0.853,0.124,0.0381,139.999
Psy Tech-Trance,5yjAn7dvW1f8jxqUOv5zIj,Psytrance Guide: Uplifting Psy,5CoeTt9oZZ6Vb0MuvNMKWv,Smack - Waio Remix,"Simon Patterson, Waio",0.521,0.928,9,-7.401,0,0.0529,1.38e-4,0.862,0.852,0.14,140.003
Psy Tech-Trance,5yjAn7dvW1f8jxqUOv5zIj,Psytrance Guide: Uplifting Psy,1HGaHzmFu5yobOAgmqJLb0,Horizon,"Christopher Lawrence, No Comment",0.581,0.874,6,-8.086,0,0.0541,0.00349,0.797,0.281,0.141,140.008
Psy Tech-Trance,5yjAn7dvW1f8jxqUOv5zIj,Psytrance Guide: Uplifting Psy,6YqUF8db5BzCsGezKuIoYC,Matter of Time - Original Mix,Sean Tyas,0.58,0.962,0,-7.759,1,0.0738,8.27e-4,0.813,0.458,0.136,139.977
Psy Tech-Trance,5yjAn7dvW1f8jxqUOv5zIj,Psytrance Guide: Uplifting Psy,6SCB9damuhZcHrZq1j1uJf,Charlie Charlie - Original Mix,Sam Jones,0.608,0.928,11,-8.097,0,0.0838,0.00192,0.812,0.53,0.0949,140.043
Psy Tech-Trance,5yjAn7dvW1f8jxqUOv5zIj,Psytrance Guide: Uplifting Psy,46HDKczqQ6IXW8uLydgca4,Joanne In Wonderland - Original Mix,"Harmonic Rush, Asteria",0.607,0.97,1,-6.667,0,0.0611,8.37e-5,0.828,0.23,0.101,139.983
Psy Tech-Trance,5yjAn7dvW1f8jxqUOv5zIj,Psytrance Guide: Uplifting Psy,0FW6ZcM1YK6yQOq2AXF30F,Autobahn,Magnus,0.625,0.878,10,-7.508,0,0.0409,3.24e-4,0.845,0.12,0.592,143.014
Psy Tech-Trance,5yjAn7dvW1f8jxqUOv5zIj,Psytrance Guide: Uplifting Psy,1yfv2LOvvzmR5uikddrwxf,Kick Bass Acid Loud,Simon Patterson,0.531,0.974,11,-5.774,0,0.111,0.00288,0.00707,0.336,0.239,137.991
Psy Tech-Trance,5yjAn7dvW1f8jxqUOv5zIj,Psytrance Guide: Uplifting Psy,1BQ2h6ioT4FkXe5Mp3sbMl,Medic - AudioFire Remix,"Jordan Suckley, AudioFire",0.575,0.916,9,-7.054,1,0.0548,1.94e-4,0.678,0.382,0.0853,138
Psy Tech-Trance,5yjAn7dvW1f8jxqUOv5zIj,Psytrance Guide: Uplifting Psy,6xTor8l59zk9Av7wuBLzu3,Coma,"David Forbes, Richard Durand",0.716,0.944,11,-3.961,0,0.0463,3.29e-4,0.837,0.66,0.241,141.004
Psy Tech-Trance,5yjAn7dvW1f8jxqUOv5zIj,Psytrance Guide: Uplifting Psy,59xTd0BUdNx3pDvE78HSIP,Echoes,"Eddie Bitar, Indecent Noise",0.517,0.959,11,-7.357,0,0.0487,0.0019,0.722,0.0937,0.243,137.951
Psybreaks,4H8v3IOJVYwxWkbwyyules,Psytrance Guide: Psybreaks,1UlDD8FPQCvibansVktK1x,White Nights - Original Mix,Hedflux,0.752,0.888,11,-5.549,1,0.0748,0.0197,0.809,0.0542,0.157,136.986
Psybreaks,4H8v3IOJVYwxWkbwyyules,Psytrance Guide: Psybreaks,0VBruaYBX5uG8I92lzAEr0,Ten Dimensions - Original Mix,RMS & Peak,0.633,0.782,2,-7.249,1,0.0498,2.3e-4,0.9,0.0635,0.629,130.006
Psybreaks,4H8v3IOJVYwxWkbwyyules,Psytrance Guide: Psybreaks,1NSD3sWyboFozNDPVSInbh,Moldova - Original Mix,"Beatman, Ludmilla",0.746,0.967,7,-2.524,1,0.108,1.71e-4,0.788,0.384,0.0376,134.991
Psybreaks,4H8v3IOJVYwxWkbwyyules,Psytrance Guide: Psybreaks,1GPqtTyX8RcqUEwVdKHtBL,Psychedelic Experience - Original Mix,MartOpetEr,0.729,0.899,7,-6.89,1,0.0855,0.00238,0.727,0.104,0.379,138.026
Psybreaks,4H8v3IOJVYwxWkbwyyules,Psytrance Guide: Psybreaks,42EvRuutg95nBFdAUFPvxT,Spin Cycle - Original Mix,Bad Tango,0.765,0.78,7,-7.2,1,0.0571,0.00167,0.309,0.0679,0.413,135.01
Psybreaks,4H8v3IOJVYwxWkbwyyules,Psytrance Guide: Psybreaks,3pF4a7wXOxy4dZjfMV3PTj,Venom - Original Mix,Blazer,0.77,0.807,7,-8.804,1,0.0483,0.0137,0.864,0.0595,0.119,135.02
Psybreaks,4H8v3IOJVYwxWkbwyyules,Psytrance Guide: Psybreaks,03biiiMLNQ5sK0XcUvqIRU,Contact Game - Original Mix,Sloth,0.776,0.699,7,-11.25,1,0.0557,9.69e-4,0.849,0.661,0.315,135.032
Psybreaks,4H8v3IOJVYwxWkbwyyules,Psytrance Guide: Psybreaks,16d37wOce6bnWFilpcLMbg,Open Your Mind - Too Dusty Remix,Simon Patterson,0.707,0.875,10,-4.758,0,0.0567,0.00596,0.804,0.148,0.227,134.992
Psybreaks,4H8v3IOJVYwxWkbwyyules,Psytrance Guide: Psybreaks,0vlhXDLZROEYQAT48IpAr6,Acinonxy - Original Mix,Will Marshall,0.761,0.67,9,-9.286,1,0.0684,1.36e-4,0.8,0.192,0.262,133.997
Psybreaks,4H8v3IOJVYwxWkbwyyules,Psytrance Guide: Psybreaks,4yNsDaCR2wWaoum4VYHvRn,68 Point 7 - Original Mix,Frequency Less,0.606,0.96,8,-5.379,1,0.136,0.00821,0.431,0.108,0.613,136.952
Mainstream,3AdmS1ZAakAnvAyPsBwwMe,Psytrance Guide: Mainstream,0y3VbJU7mDnaUboUrVj1I4,PSY or DIE,"Carnage, Timmy Trumpet",0.484,0.756,6,-4.379,0,0.0579,0.00209,0.314,0.3,0.239,139.9
Mainstream,3AdmS1ZAakAnvAyPsBwwMe,Psytrance Guide: Mainstream,5Uj0VnayJKOuP9GmmDPNOx,Untz Untz,"Dimitri Vegas & Like Mike, Vini Vici, Liquid Soul",0.678,0.967,0,-5.296,1,0.089,0.00596,0.73,0.0694,0.31,138.019
Mainstream,3AdmS1ZAakAnvAyPsBwwMe,Psytrance Guide: Mainstream,68lKJUt6kQP4NJy76fe5qI,Here We Are,Coming Soon!!!,0.599,0.873,1,-4.684,0,0.0451,5.06e-4,0.0292,0.39,0.253,144.991
Mainstream,3AdmS1ZAakAnvAyPsBwwMe,Psytrance Guide: Mainstream,65GjGEAs6RfC0PeYUyBTS5,Heart On The Tree,"Skazi, Blastoyz",0.628,0.902,10,-4.96,0,0.0485,0.0125,7.83e-4,0.405,0.354,138.016
Mainstream,3AdmS1ZAakAnvAyPsBwwMe,Psytrance Guide: Mainstream,5KC7ginqShi7mhDQLttQh0,Get in Trouble (So What),"Dimitri Vegas & Like Mike, Vini Vici, Dimitri Vegas",0.558,0.99,1,-3.877,1,0.128,2.06e-4,0.376,0.0797,0.0738,138.074
Mainstream,3AdmS1ZAakAnvAyPsBwwMe,Psytrance Guide: Mainstream,4YQPa47NDfRm61QrDWKazv,The Moments I'm Missing - RANJI vs WHITENO1SE,"Ranji, WHITENO1SE",0.362,0.883,1,-5.918,1,0.0703,0.0216,0.00813,0.115,0.0385,103.407
Mainstream,3AdmS1ZAakAnvAyPsBwwMe,Psytrance Guide: Mainstream,6dZMbxF6EFnRYGlWNiy04z,Drop Attack,Yahel,0.791,0.753,4,-6.779,0,0.0772,0.00709,0.732,0.102,0.41,137.001
Mainstream,3AdmS1ZAakAnvAyPsBwwMe,Psytrance Guide: Mainstream,2oVbwJPEEJUydF2Wc7GEmu,Without You,Day Din,0.762,0.582,2,-7.837,0,0.0463,0.0254,0.698,0.105,0.646,138.026
Mainstream,3AdmS1ZAakAnvAyPsBwwMe,Psytrance Guide: Mainstream,1moFkZDqcjQNeXtyoanLHv,Blah Blah Blah,Armin van Buuren,0.612,0.963,5,-3.912,0,0.0531,0.00897,0.00378,0.294,0.179,138.009
Mainstream,3AdmS1ZAakAnvAyPsBwwMe,Psytrance Guide: Mainstream,22T6UPu3Ynx2Nk3e1GNtyg,Sequence - Original Mix,Major7,0.622,0.782,2,-5.898,1,0.171,0.00233,0.521,0.0922,0.0295,140.018
Goa Trance,3A2Q7NG68qqMUMBO72pCBR,Psytrance Guide: Goa Trance,4hcPSxjI0CKqvttfHCFH8u,Oasis,Oforia,0.68,0.913,2,-5.918,1,0.0424,6.1e-4,0.769,0.0993,0.313,136.007
Goa Trance,3A2Q7NG68qqMUMBO72pCBR,Psytrance Guide: Goa Trance,48mVU6MCyM5LBIQKmspH2T,Feelings,Various Artists,0.429,0.987,11,-5.897,1,0.0434,6.13e-5,0.882,0.142,0.345,144.001
Goa Trance,3A2Q7NG68qqMUMBO72pCBR,Psytrance Guide: Goa Trance,4v1UjUdFQ7o2C2SQuOVpGn,Teleport,Various Artists,0.542,0.953,1,-11.873,1,0.0484,0.019,0.885,0.164,0.36,135.756
Goa Trance,3A2Q7NG68qqMUMBO72pCBR,Psytrance Guide: Goa Trance,1G3BXgmyLGCXYn1fioJZDa,Psychedelic Dreams,Radical Distortion,0.582,0.997,10,-6.126,0,0.0516,0.0433,0.853,0.0879,0.239,138.012
Goa Trance,3A2Q7NG68qqMUMBO72pCBR,Psytrance Guide: Goa Trance,4ssRS0uxKXjV83JWS5f0Gf,Ultimator!,Filteria,0.464,0.99,11,-5.905,0,0.0895,0.00168,0.943,0.0848,0.136,146.006
Goa Trance,3A2Q7NG68qqMUMBO72pCBR,Psytrance Guide: Goa Trance,6J4ErAR2oYbNe2zKbtnipz,LSD - Astral Projection Remix,Astral Projection,0.441,0.973,2,-4.811,1,0.0481,0.0138,0.736,0.114,0.157,140.003
Goa Trance,3A2Q7NG68qqMUMBO72pCBR,Psytrance Guide: Goa Trance,01Zt1c5JksrWAdmcA4jxQx,Interdimensional Travel - Original,Ovnimoon,0.605,0.993,7,-5.494,1,0.0638,1.91e-5,0.884,0.364,0.077,145.969
Goa Trance,3A2Q7NG68qqMUMBO72pCBR,Psytrance Guide: Goa Trance,7a45Us9977efjB0ErH7Sjh,Land of Freedom,Transwave,0.654,0.802,1,-14.542,0,0.0454,0.00191,0.884,0.117,0.38,135.846
Goa Trance,3A2Q7NG68qqMUMBO72pCBR,Psytrance Guide: Goa Trance,7EU4XamiPsLrnmpSzZp2xf,Psychadelia,Asia 2001,0.618,0.934,11,-8.136,1,0.0526,0.0102,0.917,0.859,0.304,144.01
Goa Trance,3A2Q7NG68qqMUMBO72pCBR,Psytrance Guide: Goa Trance,2Uzps8mH8JDuBEqT0mTKKH,Gift of the Gods,Cosmosis,0.536,0.97,7,-12.914,1,0.0442,1.07e-4,0.876,0.201,0.323,143.019
Goa Trance,3A2Q7NG68qqMUMBO72pCBR,Psytrance Guide: Goa Trance,0tIdAd5eW0dsOUVU0qpIXu,Vostok,Radiotrance,0.614,0.986,6,-7.166,1,0.0512,0.00956,0.855,0.294,0.353,144.983
Nitzhonot,2WuPfPRaCA4wiu4ZVOgepX,Psytrance Guide: Nitzhonot,4rzK8TATh2F6vNhCB8j5vn,Psychedelic Dilemma - Original Mix,Goalien,0.464,0.98,2,-7.541,1,0.055,0.00112,0.898,0.167,0.368,152.98
Nitzhonot,2WuPfPRaCA4wiu4ZVOgepX,Psytrance Guide: Nitzhonot,1feMfeya9nno5qNIzPH0KE,Rayavana's Conquest of the Holy Land,Rayavana,0.368,0.997,7,-4.851,1,0.135,8.46e-5,0.855,0.636,0.185,160.006
Nitzhonot,2WuPfPRaCA4wiu4ZVOgepX,Psytrance Guide: Nitzhonot,4YTPmwD2T5N1gMKJqUV9Kb,Perception,Nova Fractal,0.498,0.989,10,-7.65,0,0.0596,8.45e-4,0.769,0.135,0.217,146.021
Nitzhonot,2WuPfPRaCA4wiu4ZVOgepX,Psytrance Guide: Nitzhonot,3Gip2EPYt9ErVw75ILPZuL,Inside The Magic Lamp,Agrabah,0.4,1,11,-5.829,0,0.427,0.0288,0.622,0.0945,0.0385,159.994
Nitzhonot,2WuPfPRaCA4wiu4ZVOgepX,Psytrance Guide: Nitzhonot,2Lkuv57PpSKJmBJI9u7KWZ,Eden Ahead - Original Mix,Various Artists,0.487,0.999,9,-4.095,1,0.191,0.0019,0.597,0.119,0.385,156.014
Nitzhonot,2WuPfPRaCA4wiu4ZVOgepX,Psytrance Guide: Nitzhonot,0FgxzUlD8wbq7tkBQr1d7V,A New Galaxy,Cyan,0.51,0.992,7,-8.214,1,0.0568,0.0204,0.686,0.1,0.325,150.009
Nitzhonot,2WuPfPRaCA4wiu4ZVOgepX,Psytrance Guide: Nitzhonot,5qFRmNZEjvJIZIne9pUg2t,Back To Hyperion - Original Mix,Agneton,0.537,0.983,1,-5.333,1,0.0557,0.002,0.915,0.133,0.5,153.01
Nitzhonot,2WuPfPRaCA4wiu4ZVOgepX,Psytrance Guide: Nitzhonot,1qNfSZ6aQ75wcaEvp5z5MK,Alinside,Mindsphere,0.45,0.959,1,-6.929,1,0.0388,1.02e-4,0.887,0.105,0.332,148.006
Nitzhonot,2WuPfPRaCA4wiu4ZVOgepX,Psytrance Guide: Nitzhonot,0j0wcwcr1CPivcNe305XOn,Psychotria Viridis,Various Artists,0.525,0.88,9,-8.645,0,0.0429,3.97e-4,0.899,0.101,0.31,144.997
Nitzhonot,2WuPfPRaCA4wiu4ZVOgepX,Psytrance Guide: Nitzhonot,4SJdGl4FTWRdsME4BMhgoJ,Groombridge,Trinodia,0.508,0.976,1,-6.054,0,0.0452,3.88e-5,0.821,0.207,0.296,141.985
Nitzhonot,2WuPfPRaCA4wiu4ZVOgepX,Psytrance Guide: Nitzhonot,1sZWS0ffsMTRdMBQ9UprKA,Come Back to Reality,Ajna,0.49,0.948,6,-8.616,1,0.0429,2.22e-5,0.824,0.468,0.295,149.989
Nitzhonot,2WuPfPRaCA4wiu4ZVOgepX,Psytrance Guide: Nitzhonot,1esSxOvyzitTjQXiRlLCKW,Celestial Beings,Celestial Intelligence,0.469,0.998,10,-5.343,0,0.0623,0.00234,0.883,0.645,0.467,142.996
Full-on,6Xh0gKYWHvWoDwub793Jr9,Psytrance Guide: Full-on,52Qg0DA8DP5aZeVQiOA6Wq,Cosmic Company - Original Mix,Digicult,0.473,0.974,10,-3.649,0,0.0461,5.33e-4,0.685,0.156,0.546,145.952
Full-on,6Xh0gKYWHvWoDwub793Jr9,Psytrance Guide: Full-on,4NyevNzKHUwWbVCVDmKNnE,Far Away - Original Mix,Ephedrix,0.528,0.994,6,-3.141,0,0.0446,2.21e-4,0.884,0.041,0.625,145.007
Full-on,6Xh0gKYWHvWoDwub793Jr9,Psytrance Guide: Full-on,36dMy8CGMU7SYPNI6IW4iZ,We Can Dance,Electro Sun,0.499,0.997,7,-4.157,1,0.0775,6.71e-5,0.809,0.137,0.216,144.014
Full-on,6Xh0gKYWHvWoDwub793Jr9,Psytrance Guide: Full-on,1V0wMow9tKocg277Drb9jr,In the Music,Sundose,0.525,0.988,0,-4.883,1,0.0486,1.14e-4,0.778,0.881,0.566,145.003
Full-on,6Xh0gKYWHvWoDwub793Jr9,Psytrance Guide: Full-on,6rNPjupi6ltiyMaKcTC94r,HAARP,Wega,0.644,0.747,9,-8.247,0,0.0616,7.61e-4,0.425,0.0743,0.528,139.998
Full-on,6Xh0gKYWHvWoDwub793Jr9,Psytrance Guide: Full-on,13a0oTTggkKP53o08qQ6DA,Tweaky,"Astrix, Infected Mushroom",0.612,0.957,6,-6.549,0,0.114,2.04e-4,0.857,0.122,0.0388,146.022
Full-on,6Xh0gKYWHvWoDwub793Jr9,Psytrance Guide: Full-on,14jSgn2QRpn5MkmZ2ZaMTa,Sesto Dance,Sesto Sento,0.502,0.978,6,-6.165,0,0.0591,1.08e-4,0.674,0.328,0.588,144.97
Full-on,6Xh0gKYWHvWoDwub793Jr9,Psytrance Guide: Full-on,2unZA7S8Y4rHmDtu395e1L,Wizzdom,Wizzy Noise,0.478,0.95,11,-5.072,1,0.0428,0.00297,0.893,0.253,0.355,139.991
Full-on,6Xh0gKYWHvWoDwub793Jr9,Psytrance Guide: Full-on,1dkKL7bjuoeFBFgJuVnDCS,Nights Of Belgra,Prosper,0.52,0.995,0,-3.263,0,0.0608,1.22e-4,0.916,0.898,0.629,142.022
Full-on,6Xh0gKYWHvWoDwub793Jr9,Psytrance Guide: Full-on,4uRyll8LRbjSrHQYugJgEJ,Weekend - 3 Of Life Remix,3 Of Life,0.657,0.925,10,-7.587,0,0.0688,4.89e-4,0.839,0.659,0.201,141.985
Full-on,6Xh0gKYWHvWoDwub793Jr9,Psytrance Guide: Full-on,6WRKw7QK8SUppU8pFQsqo8,A Brief History Of Goa-Trance Transwave,Talamasca,0.531,0.97,1,-5.913,1,0.041,1.68e-4,0.675,0.881,0.0871,142.005
Full-on,6Xh0gKYWHvWoDwub793Jr9,Psytrance Guide: Full-on,1fqtqg9AIAHGI6Qvib460U,R U Awake - Original Mix,"Mekkanikka, Michele Adamson",0.623,0.954,1,-5.405,1,0.0364,5.71e-5,0.829,0.545,0.166,145.016
Full-on,6Xh0gKYWHvWoDwub793Jr9,Psytrance Guide: Full-on,1F6KPnBrWvAUblv2t8PAFG,Mas Fuerte,Micky Noise,0.534,0.938,9,-5.692,0,0.0486,0.0432,0.917,0.102,0.0913,145.009
Full-on,6Xh0gKYWHvWoDwub793Jr9,Psytrance Guide: Full-on,6wkvfuDu1P0ad4hOQXxXRP,Sea Song,Wizzy Noise,0.473,0.969,2,-5.411,0,0.0362,0.00419,0.941,0.126,0.124,143.978
Full-on,6Xh0gKYWHvWoDwub793Jr9,Psytrance Guide: Full-on,5UFFhLxxUd8XT8DqNjKjce,Mr. White,Various Artists,0.68,0.958,7,-5.661,1,0.0648,3.64e-4,0.639,0.384,0.0718,144.015
Full-on,6Xh0gKYWHvWoDwub793Jr9,Psytrance Guide: Full-on,2RLRupAQxJdQoLdC4dvh4k,Visual Range - Original Mix,Nikki S,0.583,0.959,9,-5.447,1,0.0554,2.88e-5,0.817,0.294,0.37,144.978
Night Full-on,3fVWcTZTn6foNlg33OTp6U,Psytrance Guide: Night Full-on,27Mohazflb0CQbuPC6DUrd,Processing Unit,Cpu,0.607,0.956,1,-6.237,1,0.0414,1.13e-5,0.892,0.31,0.354,147.015
Night Full-on,3fVWcTZTn6foNlg33OTp6U,Psytrance Guide: Night Full-on,6q51SfHVTqVJpzvoNIdAGr,Antigravity,Stereopanic,0.528,0.987,7,-5.143,1,0.0575,3.52e-5,0.712,0.138,0.354,145.981
Night Full-on,3fVWcTZTn6foNlg33OTp6U,Psytrance Guide: Night Full-on,5kxQXdgPHzVimC9La2ul59,Flawless Victory,Various Artists,0.558,0.922,7,-6.126,1,0.0458,1.49e-4,0.808,0.303,0.375,145.994
Night Full-on,3fVWcTZTn6foNlg33OTp6U,Psytrance Guide: Night Full-on,3QvVgymLZsjJ3b8fnwHtpR,Get Up Now,Various Artists,0.574,0.998,6,-5.204,0,0.0659,6.96e-5,0.864,0.0844,0.4,145.997
Night Full-on,3fVWcTZTn6foNlg33OTp6U,Psytrance Guide: Night Full-on,67TLBh3QOVpNqDF4Tx4vtJ,Look To Windward,Pitch Hikers,0.585,0.898,11,-5.943,1,0.0537,7.4e-5,0.875,0.0914,0.446,145.007
Night Full-on,3fVWcTZTn6foNlg33OTp6U,Psytrance Guide: Night Full-on,26K1u8sRTdNFR4oZoIR2Oa,Dune II,Shift,0.499,0.98,1,-7.12,1,0.0545,2.22e-5,0.86,0.0994,0.495,146.007
Night Full-on,3fVWcTZTn6foNlg33OTp6U,Psytrance Guide: Night Full-on,4d3pZ4GvELNgHJbzn3E3ui,Mysteries of the World - Original Mix,"Space Tribe, Mad Maxx",0.546,0.921,5,-6.998,0,0.0425,1.11e-4,0.881,0.709,0.13,146.001
Night Full-on,3fVWcTZTn6foNlg33OTp6U,Psytrance Guide: Night Full-on,6OS7xZPr0qpWRJv3VyuejM,Funk System - Jaws Underground Remix,Mesmerizer,0.541,0.974,7,-4.701,0,0.0432,1.32e-4,0.637,0.499,0.514,144.998
Night Full-on,3fVWcTZTn6foNlg33OTp6U,Psytrance Guide: Night Full-on,7Ax2jcn8lGrKUmUhlywQLV,Infected - original,"Ex-Gen, X-side",0.498,0.994,6,-4.861,0,0.107,1.37e-4,0.727,0.188,0.182,145.986
Night Full-on,3fVWcTZTn6foNlg33OTp6U,Psytrance Guide: Night Full-on,6Er3Ieeq7TuBq1WLkEocXY,2116,Sinful Reactions,0.483,0.957,6,-5.955,1,0.0611,5.65e-5,0.884,0.71,0.308,146.991
Dark Psy,2BLorPESgjNe6OBAnB6FGM,Psytrance Guide: Dark Psy,3oRTS56mJYDzCPL9owfWYw,Alien Fashion - Original Mix,Various Artists,0.53,0.923,1,-7.165,0,0.0403,4.99e-4,0.711,0.848,0.453,152.016
Dark Psy,2BLorPESgjNe6OBAnB6FGM,Psytrance Guide: Dark Psy,2czUuIgmi2RnD3ONw4eTsQ,Duck The Mechwarrior,DARK NEBULA,0.562,0.882,1,-9.175,0,0.0395,0.00298,0.565,0.775,0.19,143.99
Dark Psy,2BLorPESgjNe6OBAnB6FGM,Psytrance Guide: Dark Psy,7d42pU08nvH8YSCVDSatn6,Space Invaders,Various Artists,0.542,0.9,0,-7.243,1,0.0361,2.05e-5,0.797,0.129,0.35,152.003
Dark Psy,2BLorPESgjNe6OBAnB6FGM,Psytrance Guide: Dark Psy,6gmZNSSI6t6hwEmzQMM1no,The Drunken Orchestra,Arjuna,0.531,0.948,1,-7.09,1,0.0371,6e-5,0.802,0.242,0.165,148.007
Dark Psy,2BLorPESgjNe6OBAnB6FGM,Psytrance Guide: Dark Psy,5knnq39BhXxR7F9jn6Jtfm,Furiya Kruchiya,Kindzadza,0.66,0.96,7,-5.264,1,0.0829,6.76e-4,0.755,0.388,0.531,145.001
Dark Psy,2BLorPESgjNe6OBAnB6FGM,Psytrance Guide: Dark Psy,0wBZU6Qdemz2F4U9w8UTb5,Bapholot on Earth,"Baphomet Engine, Ocelot, Ghreg On Earth",0.489,0.862,1,-11.915,1,0.0413,8.1e-4,0.735,0.48,0.215,148.009
Dark Psy,2BLorPESgjNe6OBAnB6FGM,Psytrance Guide: Dark Psy,0vmfJEqXk0GR79y62m74E2,In The Night In The Dark,Azax Syndrom,0.602,0.787,7,-9.227,1,0.0487,5.17e-4,0.847,0.225,0.301,147.022
Dark Psy,2BLorPESgjNe6OBAnB6FGM,Psytrance Guide: Dark Psy,3CXzMh8c8QDyeho3XwvVaV,Shadow Walker,Various Artists,0.529,0.967,11,-5.913,0,0.0463,4.31e-6,0.805,0.212,0.543,156.012
Dark Psy,2BLorPESgjNe6OBAnB6FGM,Psytrance Guide: Dark Psy,7bVmTcv16OBp0J2HThyaO0,Whispering Angels,Arjuna,0.538,0.881,11,-7.563,0,0.0397,1.49e-5,0.829,0.183,0.138,150.021
Dark Psy,2BLorPESgjNe6OBAnB6FGM,Psytrance Guide: Dark Psy,1G7nwNENRhpJAbSBQmroIT,Khabi Na Marsi,Various Artists,0.642,0.956,7,-7.974,1,0.0713,8.55e-5,0.816,0.328,0.298,148.02
Forest Psy,5qNqt8wJs5VNGSK1YS7u0H,Psytrance Guide: Forest Psy,6BTGYYJT9u2i2Ah04yJrNV,Gnomen,Various Artists,0.567,0.905,10,-8.451,0,0.0395,1.79e-5,0.857,0.13,0.529,148.007
Forest Psy,5qNqt8wJs5VNGSK1YS7u0H,Psytrance Guide: Forest Psy,5p0VyxJucHf2ZWColL7iaw,Patty's Paradise,Various Artists,0.607,0.966,8,-8.227,1,0.0638,4.9e-5,0.894,0.388,0.041,152.021
Forest Psy,5qNqt8wJs5VNGSK1YS7u0H,Psytrance Guide: Forest Psy,3GFgC8YtdHTbqrW6HESS94,The Story Teller - Original Mix,Various Artists,0.568,0.918,7,-9.222,1,0.0387,1.12e-5,0.861,0.304,0.701,148.992
Forest Psy,5qNqt8wJs5VNGSK1YS7u0H,Psytrance Guide: Forest Psy,6gmZNSSI6t6hwEmzQMM1no,The Drunken Orchestra,Arjuna,0.531,0.948,1,-7.09,1,0.0371,6e-5,0.802,0.242,0.165,148.007
Forest Psy,5qNqt8wJs5VNGSK1YS7u0H,Psytrance Guide: Forest Psy,6RXRzEDUFN8QSog7BpSikm,Yes Iam Creepy,Various Artists,0.534,0.904,6,-8.381,1,0.043,4.96e-5,0.797,0.543,0.57,148.988
Forest Psy,5qNqt8wJs5VNGSK1YS7u0H,Psytrance Guide: Forest Psy,5zWpwsepmkRcJldHuZGvHC,Alien Kabalah - Original Mix,Ataro,0.554,0.896,2,-9.183,1,0.033,4.77e-4,0.753,0.928,0.107,147.995
Forest Psy,5qNqt8wJs5VNGSK1YS7u0H,Psytrance Guide: Forest Psy,0alEPRSthfL0ihBNqT6Qjw,Shanti Power,Various Artists,0.531,0.957,1,-8.924,1,0.0493,4.72e-5,0.861,0.518,0.71,147.014
Forest Psy,5qNqt8wJs5VNGSK1YS7u0H,Psytrance Guide: Forest Psy,0K76GUpm2gUbhgUkpQPNm8,Mushrooms & Moonshine - Original Mix,Hutti Heita,0.558,0.884,11,-9.284,1,0.0389,2.18e-5,0.781,0.187,0.29,146.014
Forest Psy,5qNqt8wJs5VNGSK1YS7u0H,Psytrance Guide: Forest Psy,0mwDAnf8exv352zrPlWJfp,Mad Different Methods,Naked Tourist,0.627,0.895,10,-9.076,0,0.069,0.00123,0.756,0.877,0.133,146.011
Forest Psy,5qNqt8wJs5VNGSK1YS7u0H,Psytrance Guide: Forest Psy,591y2oQKejMtp8I2VhFds2,Chimerical,Mark Day,0.484,0.976,1,-7.429,1,0.0424,1.57e-4,0.852,0.831,0.0755,147.998
Hi-Tech,6ADFesBjevIYRUtfG2k5ex,Psytrance Guide: Hi-Tech & Psycore,1ByliXaFMu0nJ5M58vmcF3,Insane People (Feat. Devon Miles),"Crazy Astronaut, WAIO",0.606,0.958,10,-4.898,0,0.0856,4.06e-4,0.273,0.0887,0.18,169.98
Hi-Tech,6ADFesBjevIYRUtfG2k5ex,Psytrance Guide: Hi-Tech & Psycore,7J5RQjYUu8xs5JrA0ZBaIs,Shameless,Virtuanoise,0.522,0.973,8,-4.904,0,0.146,4.28e-5,0.612,0.289,0.468,177.001
Hi-Tech,6ADFesBjevIYRUtfG2k5ex,Psytrance Guide: Hi-Tech & Psycore,6GmbZLUXKJ56oCHQtP4Or3,We Are Two - Original Mix,Various Artists,0.554,0.936,0,-8.618,1,0.13,5.99e-4,0.827,0.543,0.24,180.048
Hi-Tech,6ADFesBjevIYRUtfG2k5ex,Psytrance Guide: Hi-Tech & Psycore,5bh0chC2hONZnnEUlgURBe,No Face Just Energy (part 2),Crazy Astronaut,0.444,0.984,10,-4.722,0,0.0873,7.7e-5,0.825,0.716,0.752,172.976
Hi-Tech,6ADFesBjevIYRUtfG2k5ex,Psytrance Guide: Hi-Tech & Psycore,0L2tFVsKCU6hA01LhCEdlJ,Space Lab Drops,Various Artists,0.532,0.919,7,-6.699,1,0.19,5.46e-5,0.851,0.925,0.343,171.995
Hi-Tech,6ADFesBjevIYRUtfG2k5ex,Psytrance Guide: Hi-Tech & Psycore,54eu6UBcCTgx6yTp1DSIWv,Psynthesis,Various Artists,0.492,0.994,6,-3.891,0,0.216,1.95e-5,0.811,0.411,0.344,192.074
Hi-Tech,6ADFesBjevIYRUtfG2k5ex,Psytrance Guide: Hi-Tech & Psycore,6SleQfas6LoxhLYi2duMHu,Sadzvuka,Various Artists,0.516,0.965,1,-6.257,1,0.132,9.95e-4,0.167,0.189,0.764,185.041
Hi-Tech,6ADFesBjevIYRUtfG2k5ex,Psytrance Guide: Hi-Tech & Psycore,4A9g7weCHJtP3yzUBfZeQU,Shanti,Various Artists,0.319,0.976,6,-10.135,0,0.0568,1.92e-4,0.656,0.285,0.399,99.016
Hi-Tech,6ADFesBjevIYRUtfG2k5ex,Psytrance Guide: Hi-Tech & Psycore,3Cgl9sFhV7SWXaw2v0TNU9,Forest of Equilibrium,Antagon,0.489,0.948,8,-6.346,0,0.0402,2.25e-6,0.815,0.352,0.328,169.999
Hi-Tech,6ADFesBjevIYRUtfG2k5ex,Psytrance Guide: Hi-Tech & Psycore,5ZXnYbv82EFgDHq3O3wbA6,Unknown Destinations,Various Artists,0.589,0.956,10,-5.418,0,0.0574,1.37e-5,0.816,0.368,0.535,174.983
Suomi,4JJWQQQcOhg4roMqcGQyWe,Psytrance Guide: Suomi,5oPElwH50hr0hjrzvuWLnW,Far From Home,Puoskari,0.641,0.972,6,-5.231,0,0.0575,0.0116,0.533,0.0777,0.642,145.998
Suomi,4JJWQQQcOhg4roMqcGQyWe,Psytrance Guide: Suomi,5TGZewYLV1YaqAqbu0ixvV,Unessaelämä,Aavepyora,0.683,0.991,8,-8.169,1,0.0436,0.0145,0.796,0.129,0.456,135.002
Suomi,4JJWQQQcOhg4roMqcGQyWe,Psytrance Guide: Suomi,7MctBymYZqafCXDGhPaY1h,Natto License,Puoskari,0.552,0.972,0,-7.067,1,0.0346,2.57e-5,0.932,0.0667,0.537,150.017
Suomi,4JJWQQQcOhg4roMqcGQyWe,Psytrance Guide: Suomi,61xLV4xq7SRHQDPL5qM1U5,Käpälämäki,James Reipas,0.664,0.798,2,-5.686,1,0.0524,0.00757,0.493,0.176,0.279,142.016
Suomi,4JJWQQQcOhg4roMqcGQyWe,Psytrance Guide: Suomi,5QAx0fMesCK02IUo8cTRaP,Humboogie,Puoskari,0.618,0.928,7,-9.848,1,0.0611,8.08e-4,0.626,0.117,0.814,147.996
Suomi,4JJWQQQcOhg4roMqcGQyWe,Psytrance Guide: Suomi,1NjQsDPD2TpYIsOnGnhRaz,Narkpsy,Texas Faggott,0.464,0.921,2,-7.53,1,0.0389,3.47e-6,0.852,0.0541,0.748,156.001
Suomi,4JJWQQQcOhg4roMqcGQyWe,Psytrance Guide: Suomi,2LsDyP0vNDxOXFUZMuKLNl,Disco Doctor,Troll Scientists,0.67,0.994,6,-6.518,1,0.113,0.0211,0.86,0.126,0.494,142.007
Suomi,4JJWQQQcOhg4roMqcGQyWe,Psytrance Guide: Suomi,4lhvega9VBNX8j5Lft2eEw,Berghäll Vortex,Mullet Mohawk,0.593,0.925,11,-7.264,0,0.0645,7.32e-4,0.5,0.0388,0.625,146.001
Suomi,4JJWQQQcOhg4roMqcGQyWe,Psytrance Guide: Suomi,1bNqusN5BoPxw8EkjPokHK,Spugemon On Acid - Original Mix,Various Artists,0.601,0.988,11,-5.213,1,0.0577,1.99e-4,0.705,0.781,0.92,160.019
Suomi,4JJWQQQcOhg4roMqcGQyWe,Psytrance Guide: Suomi,5jtCrX6oBr2HxNQfPTgPqG,Alnitak Sunrise,Nebula Meltdown,0.558,0.964,7,-7.343,1,0.0419,0.0125,0.875,0.111,0.668,147.011
Psychill,5bureHLe8RGJoak8ARvsDt,Psytrance Guide: Psychill,6Srf7Tl2Tk2iTihGIwwAiU,High Above the Clouds,Astronaut Ape,0.559,0.952,5,-7.146,1,0.0389,0.039,0.925,0.111,0.486,99.997
Psychill,5bureHLe8RGJoak8ARvsDt,Psytrance Guide: Psychill,5QXUOvzrw5yeZBY9zMmcSk,Pro Temporo,Flucturion 2.0,0.539,0.842,6,-7.711,0,0.0393,0.0106,0.765,0.159,0.0779,109.997
Psychill,5bureHLe8RGJoak8ARvsDt,Psytrance Guide: Psychill,6YHaU9nrDaB7VhhwtyhyP0,Azymuth,Man With No Name,0.611,0.945,7,-10.838,1,0.0504,0.00199,0.878,0.121,0.471,196.035
Psychill,5bureHLe8RGJoak8ARvsDt,Psytrance Guide: Psychill,3AaHovKbh7k6tK8ZIHZwzk,From Metariel - Original Mix,Twin Shape,0.568,0.835,5,-9.506,1,0.0392,0.0165,0.845,0.0823,0.294,119.98
Psychill,5bureHLe8RGJoak8ARvsDt,Psytrance Guide: Psychill,2ylqy9gfThfzcRAebJCA1G,Fahrenheit (Long Edit),Asura,0.502,0.862,5,-6.694,0,0.0353,0.0318,0.526,0.166,0.0682,99.994
Psychill,5bureHLe8RGJoak8ARvsDt,Psytrance Guide: Psychill,4331dFkuDuFPGXURC7ZjbT,Ambient Galaxy - Disco Valley Mix,Astral Projection,0.571,0.981,7,-9.417,1,0.0436,0.175,0.895,0.135,0.355,139.992
Psychill,5bureHLe8RGJoak8ARvsDt,Psytrance Guide: Psychill,3lmOEpH1o9Zu9wc6auDj6h,Returning Home,E-Mantra,0.57,0.702,10,-7.832,0,0.0503,0.0216,0.928,0.113,0.333,89.995
Psychill,5bureHLe8RGJoak8ARvsDt,Psytrance Guide: Psychill,7MZLPKriK0CMy6a0ovE1Ca,Supersede,Carbon Based Lifeforms,0.548,0.532,7,-12.246,1,0.0313,0.171,0.838,0.079,0.038,99.994
Psychill,5bureHLe8RGJoak8ARvsDt,Psytrance Guide: Psychill,5NLyUWTyTHZYEZxGjOo3aN,Hope,AES DANA,0.481,0.436,9,-14.142,1,0.0336,0.159,0.883,0.0884,0.0518,163.996
Psychill,5bureHLe8RGJoak8ARvsDt,Psytrance Guide: Psychill,6tbYNvsJLTfcK0SpJ2LDv3,Pashupati,Dhamika,0.521,0.501,4,-12.301,0,0.0317,3.27e-4,0.886,0.113,0.0399,90.001
Psychill,5bureHLe8RGJoak8ARvsDt,Psytrance Guide: Psychill,13SuN5JSHhX0XlBF1Mj7e2,Nomad,Suduaya,0.474,0.54,6,-10.946,0,0.0256,0.00682,0.888,0.128,0.174,75.013
Psychill,5bureHLe8RGJoak8ARvsDt,Psytrance Guide: Psychill,2KC3X83hlZcC2Q68t9HfC0,That Old Sin,Various Artists,0.557,0.677,1,-12.661,1,0.0305,0.00342,0.928,0.0894,0.0306,99.997
Chillout,48oZeMiO86UmdejumrFZf6,Psytrance Guide: Chillout,1Qq3prahymiO6FlKoT7JPC,Breathing Place,Vibrasphere,0.553,0.815,8,-7.884,1,0.0336,0.00412,0.833,0.102,0.529,134.005
Chillout,48oZeMiO86UmdejumrFZf6,Psytrance Guide: Chillout,2VD2AthBaeEDWBRhHm136i,Odysseus Under The Old Tree,Koan,0.58,0.716,7,-8.109,1,0.0338,0.0215,0.813,0.277,0.0825,89.949
Chillout,48oZeMiO86UmdejumrFZf6,Psytrance Guide: Chillout,5pmNCaxzcpq1dvLNCyXx79,Set Theory,Carbon Based Lifeforms,0.305,0.4,4,-17.081,0,0.104,0.759,0.874,0.0811,0.0388,179.974
Chillout,48oZeMiO86UmdejumrFZf6,Psytrance Guide: Chillout,7LeVg0OTUZoUBEEc6kKSzi,Everlasting,Asura,0.458,0.515,4,-9.68,1,0.034,0.002,0.933,0.099,0.0799,132.037
Chillout,48oZeMiO86UmdejumrFZf6,Psytrance Guide: Chillout,2Cu1h4sZPjn3TqFFFNSGo8,Cellular Memory,Suduaya,0.507,0.606,4,-9.234,0,0.0285,0.00776,0.86,0.056,0.048,91.007
Chillout,48oZeMiO86UmdejumrFZf6,Psytrance Guide: Chillout,55dTGFAQ8o9pRXIKflfEpI,Handfasting (Magic Wedding),Sysyphe,0.445,0.693,4,-11.939,0,0.0481,0.0305,0.835,0.382,0.25,189.896
Chillout,48oZeMiO86UmdejumrFZf6,Psytrance Guide: Chillout,0gBDL6QySySv03UCgvadhb,Time to Leave,Kyoto,0.747,0.474,9,-10.173,0,0.0284,0.178,0.883,0.0922,0.176,109.987
Chillout,48oZeMiO86UmdejumrFZf6,Psytrance Guide: Chillout,44JL7eQyRezLKcw8SF7USw,Oleander - Phutureprimitive Symbiotic Remix,Bluetech,0.657,0.606,6,-9.753,0,0.0483,0.671,0.928,0.162,0.2,170.001
Chillout,48oZeMiO86UmdejumrFZf6,Psytrance Guide: Chillout,1pM92BjUukLvvQvYFynh6L,Borderline - Remastered,AES DANA,0.655,0.533,10,-12.011,0,0.038,0.0242,0.856,0.106,0.0726,115.024
Chillout,48oZeMiO86UmdejumrFZf6,Psytrance Guide: Chillout,6HJH2v5BIqpKW34nsLV1O7,The Queen of All Everything,Ott,0.544,0.524,11,-10.96,0,0.0285,0.0944,0.674,0.115,0.0991,134.042
